{
  "hosting": {
    "public": "public",
    "ignore": [
      "firebase.json",
      "**/.*",
      "**/node_modules/**"
    ],
    "rewrites": [
      {
        "source": "**",
        "destination": "/index.html"
      }
    ],
    "headers": [
      {
        "source": "**/*.@(png|jpg|jpeg|webp|gif|ico)",
        "headers": [
          {
            "key": "Cache-Control",
            "value": "public,max-age=31536000,immutable"
          }
        ]
      },
      {
        "source": "**/*.@(js|css)",
        "headers": [
          {
            "key": "Cache-Control",
            "value": "public,max-age=31536000,immutable"
          }
        ]
      },
      {
        "source": "/index.html",
        "headers": [
          {
            "key": "Cache-Control",
            "value": "no-cache"
          }
        ]
      }
    ]
  }
}